{"cameraMode":{"drawMode":0,"name":"Shaded","section":"Shading Mode"},"sceneLighting":true,"audioPlay":false,"sceneViewState":{"showFog":true,"showMaterialUpdate":true,"showSkybox":true,"showFlares":true,"showImageEffects":true,"showParticleSystems":true},"in2DMode":false,"pivot":{"x":-3.4639892578125,"y":3.791015625,"z":-12.72607421875},"rotation":{"x":0.2818644344806671,"y":-0.0690055638551712,"z":0.020329393446445466,"w":0.9567535519599915},"size":12.95682144165039,"orthographic":true}