{"cameraMode":{"drawMode":0,"name":"Shaded","section":"Shading Mode"},"sceneLighting":true,"audioPlay":false,"sceneViewState":{"showFog":true,"showMaterialUpdate":true,"showSkybox":true,"showFlares":true,"showImageEffects":true,"showParticleSystems":true},"in2DMode":false,"pivot":{"x":4.77294921875,"y":-0.26220703125,"z":7.80029296875},"rotation":{"x":0.0000030435651297011647,"y":1.0000016689300538,"z":0.0014999450650066138,"w":-0.002999647054821253},"size":3.9899399280548097,"orthographic":true}