{"cameraMode":{"drawMode":0,"name":"Shaded","section":"Shading Mode"},"sceneLighting":true,"audioPlay":false,"sceneViewState":{"showFog":true,"showMaterialUpdate":true,"showSkybox":true,"showFlares":true,"showImageEffects":true,"showParticleSystems":true},"in2DMode":false,"pivot":{"x":-3.7652053833007814,"y":-1.90234375,"z":-0.544921875},"rotation":{"x":0.1435026228427887,"y":0.0014844390098005534,"z":-0.0002152537344954908,"w":0.9896491169929504},"size":15.065265655517579,"orthographic":true}