{"cameraMode":{"drawMode":0,"name":"Shaded","section":"Shading Mode"},"sceneLighting":true,"audioPlay":false,"sceneViewState":{"showFog":true,"showMaterialUpdate":true,"showSkybox":true,"showFlares":true,"showImageEffects":true,"showParticleSystems":true},"in2DMode":false,"pivot":{"x":2.2758493423461916,"y":-0.08416745066642761,"z":-0.9884476661682129},"rotation":{"x":0.007066810037940741,"y":0.992494523525238,"z":-0.10008319467306137,"w":0.07008705288171768},"size":2.5437734127044679,"orthographic":true}